Page,Field Name
"incident-form-page2.html","medical_ambulance_called"
"incident-form-page2.html","medical_attention_needed"
"incident-form-page2.html","medical_hospital_name"
"incident-form-page2.html","medical_injury_details"
"incident-form-page2.html","medical_injury_severity"
"incident-form-page2.html","medical_symptom_abdominal_bruising"
"incident-form-page2.html","medical_symptom_abdominal_pain"
"incident-form-page2.html","medical_symptom_breathlessness"
"incident-form-page2.html","medical_symptom_change_in_vision"
"incident-form-page2.html","medical_symptom_chest_pain"
"incident-form-page2.html","medical_symptom_dizziness"
"incident-form-page2.html","medical_symptom_life_threatening"
"incident-form-page2.html","medical_symptom_limb_pain_mobility"
"incident-form-page2.html","medical_symptom_limb_weakness"
"incident-form-page2.html","medical_symptom_loss_of_consciousness"
"incident-form-page2.html","medical_symptom_none"
"incident-form-page2.html","medical_symptom_severe_headache"
"incident-form-page2.html","medical_symptom_uncontrolled_bleeding"
"incident-form-page2.html","medical_treatment_received"
"incident-form-page3.html","accident_date"
"incident-form-page3.html","accident_time"
"incident-form-page3.html","road_condition_dry"
"incident-form-page3.html","road_condition_icy"
"incident-form-page3.html","road_condition_loose_surface"
"incident-form-page3.html","road_condition_other"
"incident-form-page3.html","road_condition_snow_covered"
"incident-form-page3.html","road_condition_wet"
"incident-form-page3.html","road_markings_visible_no"
"incident-form-page3.html","road_markings_visible_partially"
"incident-form-page3.html","road_markings_visible_yes"
"incident-form-page3.html","road_type_a_road"
"incident-form-page3.html","road_type_b_road"
"incident-form-page3.html","road_type_car_park"
"incident-form-page3.html","road_type_motorway"
"incident-form-page3.html","road_type_other"
"incident-form-page3.html","road_type_rural_road"
"incident-form-page3.html","road_type_urban_street"
"incident-form-page3.html","speed_limit"
"incident-form-page3.html","traffic_conditions_heavy"
"incident-form-page3.html","traffic_conditions_light"
"incident-form-page3.html","traffic_conditions_moderate"
"incident-form-page3.html","traffic_conditions_no_traffic"
"incident-form-page3.html","visibility_good"
"incident-form-page3.html","visibility_poor"
"incident-form-page3.html","visibility_severely_restricted"
"incident-form-page3.html","visibility_very_poor"
"incident-form-page3.html","weather_bright_sunlight"
"incident-form-page3.html","weather_clear"
"incident-form-page3.html","weather_cloudy"
"incident-form-page3.html","weather_drizzle"
"incident-form-page3.html","weather_fog"
"incident-form-page3.html","weather_hail"
"incident-form-page3.html","weather_heavy_rain"
"incident-form-page3.html","weather_ice"
"incident-form-page3.html","weather_other"
"incident-form-page3.html","weather_raining"
"incident-form-page3.html","weather_snow"
"incident-form-page3.html","weather_thunder_lightning"
"incident-form-page3.html","weather_windy"
"incident-form-page3.html","your_speed"
"incident-form-page4.html","additionalhazards"
"incident-form-page4.html","junctioncontrol"
"incident-form-page4.html","junctiontype"
"incident-form-page4.html","location"
"incident-form-page4.html","nearestlandmark"
"incident-form-page4.html","specialconditions"
"incident-form-page4.html","trafficlightstatus"
"incident-form-page4.html","usermanoeuvre"
"incident-form-page4.html","visibilityfactors"
"incident-form-page4.html","what3words"
"incident-form-page5-vehicle.html","damage_description"
"incident-form-page5-vehicle.html","impact_point"
"incident-form-page5-vehicle.html","no_damage"
"incident-form-page5-vehicle.html","recovery_company"
"incident-form-page5-vehicle.html","recovery_location"
"incident-form-page5-vehicle.html","recovery_notes"
"incident-form-page5-vehicle.html","recovery_phone"
"incident-form-page5-vehicle.html","usual_vehicle"
"incident-form-page5-vehicle.html","vehicle_driveable"
"incident-form-page5-vehicle.html","vehicle_license_plate"
"incident-form-page7-other-vehicle.html","no_visible_damage"
"incident-form-page7-other-vehicle.html","other_driver_email"
"incident-form-page7-other-vehicle.html","other_driver_license"
"incident-form-page7-other-vehicle.html","other_driver_name"
"incident-form-page7-other-vehicle.html","other_driver_phone"
"incident-form-page7-other-vehicle.html","other_insurance_company"
"incident-form-page7-other-vehicle.html","other_license_plate"
"incident-form-page7-other-vehicle.html","other_point_of_impact"
"incident-form-page7-other-vehicle.html","other_policy_cover"
"incident-form-page7-other-vehicle.html","other_policy_holder"
"incident-form-page7-other-vehicle.html","other_policy_number"
"incident-form-page9-witnesses.html","witnesses_present"
"incident-form-page10-police-details.html","airbags_deployed"
"incident-form-page10-police-details.html","police_attended"
"incident-form-page10-police-details.html","seatbelts_worn"
"incident-form-page12-final-medical-check.html","final_feeling"